날짜,시가,고가,저가,종가,거래량,등락률,ticker,name
2025-12-16,51085,51085,51085,51085,1,0.01957905041605482,495710,BNK 26-06 특수채(AAA이상)액티브
2025-12-17,51090,51090,51090,51090,1,0.00978760888714887,495710,BNK 26-06 특수채(AAA이상)액티브
2025-12-18,51090,51105,51090,51105,11,0.02935995302407516,495710,BNK 26-06 특수채(AAA이상)액티브
2025-12-19,51110,51110,51110,51110,1,0.009783778495254867,495710,BNK 26-06 특수채(AAA이상)액티브
2025-12-22,51085,51110,51085,51110,257,0.0,495710,BNK 26-06 특수채(AAA이상)액티브
2025-12-23,51110,51110,51110,51110,1,0.0,495710,BNK 26-06 특수채(AAA이상)액티브
2025-12-24,51140,51140,51140,51140,1,0.05869692819409117,495710,BNK 26-06 특수채(AAA이상)액티브
2025-12-26,51140,51140,51140,51140,1,0.0,495710,BNK 26-06 특수채(AAA이상)액티브
2025-12-29,51130,51155,51130,51155,108,0.02933124755572937,495710,BNK 26-06 특수채(AAA이상)액티브
2025-12-30,51150,51170,51150,51170,9,0.029322646857589677,495710,BNK 26-06 특수채(AAA이상)액티브
2026-01-02,51170,51170,51170,51170,288,0.0,495710,BNK 26-06 특수채(AAA이상)액티브
2026-01-05,51180,51180,51180,51180,1,0.019542700801250732,495710,BNK 26-06 특수채(AAA이상)액티브
2026-01-06,51190,51190,51190,51190,1,0.019538882375928098,495710,BNK 26-06 특수채(AAA이상)액티브
2026-01-07,51195,51195,51195,51195,1,0.009767532721234616,495710,BNK 26-06 특수채(AAA이상)액티브
2026-01-08,51185,51210,51185,51210,3,0.02929973630237328,495710,BNK 26-06 특수채(AAA이상)액티브
2026-01-09,51215,51215,51215,51215,1,0.009763718023823472,495710,BNK 26-06 특수채(AAA이상)액티브
2026-01-12,51210,51220,51195,51220,241,0.009762764814995606,495710,BNK 26-06 특수채(AAA이상)액티브
2026-01-13,51225,51225,51225,51225,3,0.009761811792268645,495710,BNK 26-06 특수채(AAA이상)액티브
2026-01-14,51225,51225,51225,51225,1,0.0,495710,BNK 26-06 특수채(AAA이상)액티브
2026-01-15,51240,51240,51240,51240,1,0.029282576866764276,495710,BNK 26-06 특수채(AAA이상)액티브
2026-01-16,51240,51240,51240,51240,3,0.0,495710,BNK 26-06 특수채(AAA이상)액티브
2026-01-19,51240,51240,51240,51240,1,0.0,495710,BNK 26-06 특수채(AAA이상)액티브
2026-01-20,51240,51240,51240,51240,1,0.0,495710,BNK 26-06 특수채(AAA이상)액티브
2026-01-21,51240,51240,51240,51240,1,0.0,495710,BNK 26-06 특수채(AAA이상)액티브
2026-01-22,51240,51240,51240,51240,1,0.0,495710,BNK 26-06 특수채(AAA이상)액티브
2026-01-23,51260,51260,51260,51260,1,0.039032006245121,495710,BNK 26-06 특수채(AAA이상)액티브
2026-01-26,51240,51265,51240,51265,199,0.009754194303550527,495710,BNK 26-06 특수채(AAA이상)액티브
2026-01-27,51265,51265,51265,51265,9,0.0,495710,BNK 26-06 특수채(AAA이상)액티브
2026-01-28,51270,51270,51270,51270,1,0.009753242953281966,495710,BNK 26-06 특수채(AAA이상)액티브
2026-01-29,51280,51280,51280,51280,1,0.01950458357714063,495710,BNK 26-06 특수채(AAA이상)액티브
2025-12-16,6780,6780,6350,6390,43223,-5.752212389380531,466810,BNK 2차전지양극재
2025-12-17,6430,6525,6345,6430,30056,0.6259780907668232,466810,BNK 2차전지양극재
2025-12-18,6165,6185,6025,6025,62931,-6.298600311041991,466810,BNK 2차전지양극재
2025-12-19,6050,6050,5790,6005,67864,-0.33195020746887965,466810,BNK 2차전지양극재
2025-12-22,6060,6130,6000,6100,58411,1.5820149875104081,466810,BNK 2차전지양극재
2025-12-23,6120,6135,6050,6080,15232,-0.32786885245901637,466810,BNK 2차전지양극재
2025-12-24,6085,6165,6070,6095,23810,0.24671052631578946,466810,BNK 2차전지양극재
2025-12-26,6070,6135,5960,5995,40307,-1.6406890894175554,466810,BNK 2차전지양극재
2025-12-29,5845,6020,5815,5975,48810,-0.3336113427856547,466810,BNK 2차전지양극재
2025-12-30,5890,5970,5690,5720,68740,-4.2677824267782425,466810,BNK 2차전지양극재
2026-01-02,5660,5665,5540,5565,95990,-2.7097902097902096,466810,BNK 2차전지양극재
2026-01-05,5515,5765,5515,5710,84958,2.605570530098832,466810,BNK 2차전지양극재
2026-01-06,5850,5880,5785,5810,87430,1.7513134851138354,466810,BNK 2차전지양극재
2026-01-07,5835,5910,5675,5740,56519,-1.2048192771084338,466810,BNK 2차전지양극재
2026-01-08,5695,5750,5635,5675,26885,-1.132404181184669,466810,BNK 2차전지양극재
2026-01-09,5655,5695,5560,5635,19814,-0.7048458149779736,466810,BNK 2차전지양극재
2026-01-12,5595,5855,5590,5835,64453,3.54924578527063,466810,BNK 2차전지양극재
2026-01-13,5915,6160,5870,6135,46247,5.141388174807198,466810,BNK 2차전지양극재
2026-01-14,6135,6135,5955,5990,40268,-2.363488182559087,466810,BNK 2차전지양극재
2026-01-15,6015,6105,5950,6080,62118,1.5025041736227045,466810,BNK 2차전지양극재
2026-01-16,6080,6095,5905,5945,69146,-2.2203947368421053,466810,BNK 2차전지양극재
2026-01-19,5925,6195,5900,6195,100107,4.205214465937763,466810,BNK 2차전지양극재
2026-01-20,6225,6480,6160,6370,161207,2.824858757062147,466810,BNK 2차전지양극재
2026-01-21,6190,6242,6065,6220,179228,-2.3547880690737837,466810,BNK 2차전지양극재
2026-01-22,6260,6720,6255,6720,230107,8.038585209003216,466810,BNK 2차전지양극재
2026-01-23,6900,6920,6575,6670,262572,-0.744047619047619,466810,BNK 2차전지양극재
2026-01-26,6810,7090,6790,7090,248965,6.296851574212893,466810,BNK 2차전지양극재
2026-01-27,6955,7155,6900,7080,155481,-0.14104372355430184,466810,BNK 2차전지양극재
2026-01-28,7185,7625,7180,7610,337649,7.4858757062146895,466810,BNK 2차전지양극재
2026-01-29,7770,7835,7280,7585,352177,-0.328515111695138,466810,BNK 2차전지양극재
2025-12-16,19775,19775,19280,19335,791,-2.5207965717166623,457930,BNK 미래전략기술액티브
2025-12-17,19535,19535,19230,19430,366,0.49133695371088704,457930,BNK 미래전략기술액티브
2025-12-18,19220,19220,18920,19010,480,-2.1616057642820383,457930,BNK 미래전략기술액티브
2025-12-19,19145,19350,19045,19350,455,1.788532351394003,457930,BNK 미래전략기술액티브
2025-12-22,19580,19750,19570,19750,264,2.0671834625323,457930,BNK 미래전략기술액티브
2025-12-23,19820,19855,19620,19710,272,-0.20253164556962028,457930,BNK 미래전략기술액티브
2025-12-24,19855,19855,19520,19575,236,-0.684931506849315,457930,BNK 미래전략기술액티브
2025-12-26,19615,19615,19430,19540,598,-0.17879948914431673,457930,BNK 미래전략기술액티브
2025-12-29,19850,19950,19830,19910,1138,1.8935516888433983,457930,BNK 미래전략기술액티브
2025-12-30,19910,19930,19835,19930,485,0.10045203415369162,457930,BNK 미래전략기술액티브
2026-01-02,20070,20445,19930,20445,2695,2.5840441545408934,457930,BNK 미래전략기술액티브
2026-01-05,20795,21165,20780,21165,585,3.521643433602348,457930,BNK 미래전략기술액티브
2026-01-06,21165,21440,20965,21440,344,1.2993149066855658,457930,BNK 미래전략기술액티브
2026-01-07,21680,21680,21170,21395,3182,-0.20988805970149255,457930,BNK 미래전략기술액티브
2026-01-08,21565,21715,21470,21555,5543,0.7478382799719561,457930,BNK 미래전략기술액티브
2026-01-09,21505,21855,21435,21855,5796,1.3917884481558804,457930,BNK 미래전략기술액티브
2026-01-12,21955,22115,21750,22010,742,0.7092198581560284,457930,BNK 미래전략기술액티브
2026-01-13,22230,22805,22230,22805,1071,3.611994547932758,457930,BNK 미래전략기술액티브
2026-01-14,22945,22965,22625,22965,219,0.7016005262003947,457930,BNK 미래전략기술액티브
2026-01-15,22885,23280,22885,23280,399,1.3716525146962768,457930,BNK 미래전략기술액티브
2026-01-16,23380,23550,23280,23525,990,1.052405498281787,457930,BNK 미래전략기술액티브
2026-01-19,23680,24325,23680,24205,3022,2.890541976620616,457930,BNK 미래전략기술액티브
2026-01-20,24400,25015,23995,24465,16785,1.0741582317702953,457930,BNK 미래전략기술액티브
2026-01-21,23980,24650,23755,24650,1028,0.756182301246679,457930,BNK 미래전략기술액티브
2026-01-22,25175,25185,24540,24690,2311,0.16227180527383367,457930,BNK 미래전략기술액티브
2026-01-23,24415,25070,24415,24715,2723,0.1012555690562981,457930,BNK 미래전략기술액티브
2026-01-26,24780,25105,24600,24900,6533,0.7485332793849888,457930,BNK 미래전략기술액티브
2026-01-27,24810,25250,24700,25250,1582,1.4056224899598393,457930,BNK 미래전략기술액티브
2026-01-28,25685,25760,25490,25745,1274,1.9603960396039604,457930,BNK 미래전략기술액티브
2026-01-29,26000,26465,25520,26465,449384,2.796659545542824,457930,BNK 미래전략기술액티브
2025-12-16,14510,14510,13000,13040,3630,-3.9056742815033165,487750,BNK 온디바이스AI
2025-12-17,13040,13430,13040,13430,2748,2.99079754601227,487750,BNK 온디바이스AI
2025-12-18,13155,13430,13155,13330,10191,-0.7446016381236039,487750,BNK 온디바이스AI
2025-12-19,13330,14000,13230,13255,426414,-0.5626406601650412,487750,BNK 온디바이스AI
2025-12-22,13410,13770,13410,13770,5935,3.8853262919652964,487750,BNK 온디바이스AI
2025-12-23,13790,13830,13635,13710,21152,-0.4357298474945534,487750,BNK 온디바이스AI
2025-12-24,14000,14000,13575,13630,3564,-0.5835156819839533,487750,BNK 온디바이스AI
2025-12-26,13800,14195,13800,14175,11747,3.998532648569332,487750,BNK 온디바이스AI
2025-12-29,14540,14550,14365,14460,22650,2.0105820105820107,487750,BNK 온디바이스AI
2025-12-30,14400,14725,14400,14620,359578,1.1065006915629323,487750,BNK 온디바이스AI
2026-01-02,14620,15435,14620,15255,21781,4.343365253077976,487750,BNK 온디바이스AI
2026-01-05,15445,15880,15400,15625,25147,2.4254342838413634,487750,BNK 온디바이스AI
2026-01-06,15625,16510,15160,15750,11418,0.8,487750,BNK 온디바이스AI
2026-01-07,16000,16195,15500,15640,22166,-0.6984126984126984,487750,BNK 온디바이스AI
2026-01-08,15640,16290,15640,15945,21047,1.9501278772378516,487750,BNK 온디바이스AI
2026-01-09,15945,15945,15420,15625,20643,-2.0068987143305113,487750,BNK 온디바이스AI
2026-01-12,15665,15920,15565,15790,4802,1.056,487750,BNK 온디바이스AI
2026-01-13,15800,15930,15600,15750,13238,-0.253324889170361,487750,BNK 온디바이스AI
2026-01-14,15750,15920,15700,15900,5682,0.9523809523809524,487750,BNK 온디바이스AI
2026-01-15,15900,16250,15750,16250,3577,2.20125786163522,487750,BNK 온디바이스AI
2026-01-16,16330,16595,16250,16530,10060,1.723076923076923,487750,BNK 온디바이스AI
2026-01-19,16535,17355,16375,16760,11248,1.3914095583787054,487750,BNK 온디바이스AI
2026-01-20,17775,18010,16200,16385,14947,-2.2374701670644392,487750,BNK 온디바이스AI
2026-01-21,15365,16465,15365,16445,6097,0.366188587122368,487750,BNK 온디바이스AI
2026-01-22,16805,17795,16660,16685,20792,1.459410155062329,487750,BNK 온디바이스AI
2026-01-23,16685,16925,16620,16805,29558,0.719208870242733,487750,BNK 온디바이스AI
2026-01-26,16890,17050,16805,17050,8522,1.457899434692056,487750,BNK 온디바이스AI
2026-01-27,17050,17765,16915,17760,8087,4.164222873900293,487750,BNK 온디바이스AI
2026-01-28,18300,18800,17760,18800,641242,5.8558558558558556,487750,BNK 온디바이스AI
2026-01-29,19180,19495,18160,18875,78082,0.39893617021276595,487750,BNK 온디바이스AI
2025-12-16,22010,22010,21505,21560,985,-1.6198950490531598,445690,BNK 주주가치액티브
2025-12-17,21840,21870,21575,21870,129,1.437847866419295,445690,BNK 주주가치액티브
2025-12-18,21720,21720,21425,21590,506,-1.2802926383173296,445690,BNK 주주가치액티브
2025-12-19,21785,21785,21510,21730,1195,0.6484483557202408,445690,BNK 주주가치액티브
2025-12-22,21985,22125,21875,22125,491,1.8177634606534745,445690,BNK 주주가치액티브
2025-12-23,22300,22300,22055,22180,812,0.24858757062146894,445690,BNK 주주가치액티브
2025-12-24,22305,22305,22020,22145,28922,-0.15779981965734896,445690,BNK 주주가치액티브
2025-12-26,22315,22315,22010,22120,933,-0.11289230074508919,445690,BNK 주주가치액티브
2025-12-29,22280,22480,22145,22480,563,1.62748643761302,445690,BNK 주주가치액티브
2025-12-30,22560,22560,22340,22425,891,-0.24466192170818504,445690,BNK 주주가치액티브
2026-01-02,22725,22810,22580,22675,13212,1.1148272017837235,445690,BNK 주주가치액티브
2026-01-05,22900,23290,22900,23290,1405,2.7122381477398014,445690,BNK 주주가치액티브
2026-01-06,23580,23580,23310,23575,12114,1.2237011592958351,445690,BNK 주주가치액티브
2026-01-07,23860,23935,23575,23935,2337,1.5270413573700954,445690,BNK 주주가치액티브
2026-01-08,23955,23955,23650,23845,1528,-0.3760183831209526,445690,BNK 주주가치액티브
2026-01-09,23875,23985,23495,23985,10634,0.5871251834766198,445690,BNK 주주가치액티브
2026-01-12,24295,24295,23835,24005,1521,0.08338544923910778,445690,BNK 주주가치액티브
2026-01-13,24315,24315,24100,24150,383,0.6040408248281608,445690,BNK 주주가치액티브
2026-01-14,24480,24480,24255,24315,814,0.6832298136645962,445690,BNK 주주가치액티브
2026-01-15,24385,24780,24385,24780,539,1.9123997532387416,445690,BNK 주주가치액티브
2026-01-16,24780,24965,24755,24810,3092,0.12106537530266344,445690,BNK 주주가치액티브
2026-01-19,24890,25300,24700,25300,83365,1.9750100765820233,445690,BNK 주주가치액티브
2026-01-20,25490,25490,24840,25240,1991,-0.23715415019762848,445690,BNK 주주가치액티브
2026-01-21,24925,25515,24925,25515,102586,1.0895404120443741,445690,BNK 주주가치액티브
2026-01-22,25795,25910,25420,25575,2330,0.23515579071134626,445690,BNK 주주가치액티브
2026-01-23,25735,25780,25450,25735,970,0.6256109481915934,445690,BNK 주주가치액티브
2026-01-26,25735,25735,25470,25570,2689,-0.641150184573538,445690,BNK 주주가치액티브
2026-01-27,25435,26015,25275,26015,979,1.7403206883066094,445690,BNK 주주가치액티브
2026-01-28,26340,26405,26150,26405,3709,1.4991351143571017,445690,BNK 주주가치액티브
2026-01-29,26445,26805,26175,26805,1719,1.5148646089755728,445690,BNK 주주가치액티브
2025-12-16,9915,9915,9725,9765,27547,-1.3636363636363635,0120J0,BNK 카카오그룹포커스
2025-12-17,9825,9825,9710,9825,14090,0.6144393241167435,0120J0,BNK 카카오그룹포커스
2025-12-18,9740,9810,9635,9755,17578,-0.712468193384224,0120J0,BNK 카카오그룹포커스
2025-12-19,9860,9925,9805,9925,11896,1.742696053305997,0120J0,BNK 카카오그룹포커스
2025-12-22,10020,10105,9955,10105,37685,1.81360201511335,0120J0,BNK 카카오그룹포커스
2025-12-23,10105,10300,10095,10295,30370,1.880257298367145,0120J0,BNK 카카오그룹포커스
2025-12-24,10270,10380,10215,10380,13125,0.8256435162700341,0120J0,BNK 카카오그룹포커스
2025-12-26,10365,10365,10085,10135,22332,-2.3603082851637764,0120J0,BNK 카카오그룹포커스
2025-12-29,10035,10365,10005,10365,7854,2.2693635915145536,0120J0,BNK 카카오그룹포커스
2025-12-30,10355,10455,10280,10410,16001,0.43415340086830684,0120J0,BNK 카카오그룹포커스
2026-01-02,10440,10590,10350,10565,7820,1.48895292987512,0120J0,BNK 카카오그룹포커스
2026-01-05,10675,10675,10360,10410,13186,-1.4671083767155704,0120J0,BNK 카카오그룹포커스
2026-01-06,10450,10550,10350,10500,13502,0.8645533141210375,0120J0,BNK 카카오그룹포커스
2026-01-07,10500,10500,9895,10030,87671,-4.476190476190476,0120J0,BNK 카카오그룹포커스
2026-01-08,10040,10040,9805,9915,77497,-1.1465603190428715,0120J0,BNK 카카오그룹포커스
2026-01-09,9985,10020,9930,9995,27442,0.8068582955118508,0120J0,BNK 카카오그룹포커스
2026-01-12,9960,9995,9855,9985,47298,-0.10005002501250625,0120J0,BNK 카카오그룹포커스
2026-01-13,9985,10085,9940,10085,59602,1.0015022533800702,0120J0,BNK 카카오그룹포커스
2026-01-14,10160,10160,9960,10055,9298,-0.2974714923153198,0120J0,BNK 카카오그룹포커스
2026-01-15,10060,10100,9970,10015,13141,-0.39781203381402286,0120J0,BNK 카카오그룹포커스
2026-01-16,10030,10030,9865,9895,56186,-1.1982026959560659,0120J0,BNK 카카오그룹포커스
2026-01-19,9855,9855,9745,9815,24963,-0.808489135927236,0120J0,BNK 카카오그룹포커스
2026-01-20,9855,10310,9855,10190,129281,3.8206826286296485,0120J0,BNK 카카오그룹포커스
2026-01-21,10040,10040,9790,9885,75436,-2.9931305201177625,0120J0,BNK 카카오그룹포커스
2026-01-22,9910,10035,9810,9985,100344,1.0116337885685383,0120J0,BNK 카카오그룹포커스
2026-01-23,10050,11290,10050,11115,944810,11.316975463194792,0120J0,BNK 카카오그룹포커스
2026-01-26,11480,11612,11110,11330,575060,1.9343229869545657,0120J0,BNK 카카오그룹포커스
2026-01-27,11290,11600,11170,11310,205401,-0.176522506619594,0120J0,BNK 카카오그룹포커스
2026-01-28,11395,11505,11060,11245,203695,-0.5747126436781609,0120J0,BNK 카카오그룹포커스
2026-01-29,11220,11410,10980,11310,111569,0.5780346820809248,0120J0,BNK 카카오그룹포커스
2025-12-16,21565,21565,21055,21055,2954,-2.2289296494079407,0112X0,마이티 200TR
2025-12-17,21185,21475,21055,21475,3033,1.9947755877463786,0112X0,마이티 200TR
2025-12-18,21090,21310,21070,21165,470,-1.4435389988358556,0112X0,마이티 200TR
2025-12-19,21425,22300,21245,22300,105637,5.362626978502244,0112X0,마이티 200TR
2025-12-22,22330,22330,21715,21860,111303,-1.9730941704035874,0112X0,마이티 200TR
2025-12-23,21890,22020,21820,21875,3663,0.0686184812442818,0112X0,마이티 200TR
2025-12-24,21875,22040,21875,21910,168,0.16,0112X0,마이티 200TR
2025-12-26,22040,22135,22010,22010,71,0.4564125969876769,0112X0,마이티 200TR
2025-12-29,22420,22725,22355,22725,20850,3.2485233984552475,0112X0,마이티 200TR
2025-12-30,22595,22810,22595,22780,870,0.24202420242024203,0112X0,마이티 200TR
2026-01-02,22855,23400,22855,23400,8769,2.7216856892010535,0112X0,마이티 200TR
2026-01-05,24080,24220,23830,24175,31084,3.311965811965812,0112X0,마이티 200TR
2026-01-06,24245,24760,24020,24760,42080,2.419855222337125,0112X0,마이티 200TR
2026-01-07,24760,25205,24625,24950,5157,0.7673667205169629,0112X0,마이티 200TR
2026-01-08,24885,25370,24835,24985,33283,0.1402805611222445,0112X0,마이티 200TR
2026-01-09,24875,25080,24675,25080,260,0.38022813688212925,0112X0,마이티 200TR
2026-01-12,25475,25475,25150,25295,57710,0.8572567783094099,0112X0,마이티 200TR
2026-01-13,25510,25585,25300,25585,8838,1.1464716347104171,0112X0,마이티 200TR
2026-01-14,25550,25775,25510,25775,70460,0.7426226304475279,0112X0,마이티 200TR
2026-01-15,25775,26100,25620,26100,7575,1.2609117361784674,0112X0,마이티 200TR
2026-01-16,26215,26490,26175,26485,11339,1.475095785440613,0112X0,마이티 200TR
2026-01-19,26400,26810,26300,26810,3376,1.227109684727204,0112X0,마이티 200TR
2026-01-20,26810,26835,26305,26605,6478,-0.7646400596792242,0112X0,마이티 200TR
2026-01-21,26135,26870,26135,26870,6148,0.9960533734260477,0112X0,마이티 200TR
2026-01-22,27470,27555,26945,27145,14874,1.0234462225530332,0112X0,마이티 200TR
2026-01-23,27245,27460,26940,27335,1498,0.6999447412046418,0112X0,마이티 200TR
2026-01-26,27350,27425,27000,27060,5619,-1.0060362173038229,0112X0,마이티 200TR
2026-01-27,26970,28000,26775,28000,4198,3.473762010347376,0112X0,마이티 200TR
2026-01-28,28305,28515,28140,28515,24506,1.8392857142857142,0112X0,마이티 200TR
2026-01-29,28980,29025,27880,28725,30051,0.7364544976328248,0112X0,마이티 200TR
2025-12-16,104402,104402,104402,104402,95,0.05558537146362033,465780,마이티 26-09 특수채(AAA)액티브
2025-12-17,104388,104388,104388,104388,16,-0.0134097047949273,465780,마이티 26-09 특수채(AAA)액티브
2025-12-18,104417,104441,104417,104417,24,0.027780970992834424,465780,마이티 26-09 특수채(AAA)액티브
2025-12-19,104417,104451,104417,104451,55,0.032561747608148096,465780,마이티 26-09 특수채(AAA)액티브
2025-12-22,104451,104451,104451,104451,2,0.0,465780,마이티 26-09 특수채(AAA)액티브
2025-12-23,104480,104480,104480,104480,13,0.02776421479928387,465780,마이티 26-09 특수채(AAA)액티브
2025-12-24,104480,104480,104480,104480,0,0.0,465780,마이티 26-09 특수채(AAA)액티브
2025-12-26,104480,104495,104480,104495,40,0.014356814701378255,465780,마이티 26-09 특수채(AAA)액티브
2025-12-29,104520,104545,104520,104545,6,0.04784917938657352,465780,마이티 26-09 특수채(AAA)액티브
2025-12-30,104545,104545,104545,104545,302,0.0,465780,마이티 26-09 특수채(AAA)액티브
2026-01-02,104550,104575,104550,104575,2,0.0286957769381606,465780,마이티 26-09 특수채(AAA)액티브
2026-01-05,104595,104595,104595,104595,0,0.019125029882859194,465780,마이티 26-09 특수채(AAA)액티브
2026-01-06,104615,104640,104615,104640,154,0.04302308905779435,465780,마이티 26-09 특수채(AAA)액티브
2026-01-07,104640,104640,104640,104640,200,0.0,465780,마이티 26-09 특수채(AAA)액티브
2026-01-08,104670,104670,104670,104670,4,0.028669724770642203,465780,마이티 26-09 특수채(AAA)액티브
2026-01-09,104705,104705,104705,104705,10,0.03343842552784943,465780,마이티 26-09 특수채(AAA)액티브
2026-01-12,104695,104695,104685,104685,9,-0.019101284561386753,465780,마이티 26-09 특수채(AAA)액티브
2026-01-13,104695,104695,104695,104695,0,0.009552466924583274,465780,마이티 26-09 특수채(AAA)액티브
2026-01-14,104725,104725,104720,104725,110,0.028654663546492196,465780,마이티 26-09 특수채(AAA)액티브
2026-01-15,104715,104720,104715,104720,6,-0.004774409166865601,465780,마이티 26-09 특수채(AAA)액티브
2026-01-16,104740,104740,104740,104740,2,0.019098548510313215,465780,마이티 26-09 특수채(AAA)액티브
2026-01-19,104715,104740,104715,104740,105,0.0,465780,마이티 26-09 특수채(AAA)액티브
2026-01-20,104740,104740,104740,104740,0,0.0,465780,마이티 26-09 특수채(AAA)액티브
2026-01-21,104745,104745,104745,104745,30,0.004773725415314112,465780,마이티 26-09 특수채(AAA)액티브
2026-01-22,104755,104755,104755,104755,1,0.009546995083297531,465780,마이티 26-09 특수채(AAA)액티브
2026-01-23,104755,104755,104755,104755,0,0.0,465780,마이티 26-09 특수채(AAA)액티브
2026-01-26,104735,104735,104735,104735,0,-0.019092167438308435,465780,마이티 26-09 특수채(AAA)액티브
2026-01-27,104735,104735,104735,104735,5,0.0,465780,마이티 26-09 특수채(AAA)액티브
2026-01-28,104725,104750,104720,104720,6,-0.014321859932209862,465780,마이티 26-09 특수채(AAA)액티브
2026-01-29,104740,104740,104740,104740,963,0.019098548510313215,465780,마이티 26-09 특수채(AAA)액티브
2025-12-16,19840,19840,19650,19650,39,-2.165795369678865,442260,마이티 다이나믹퀀트액티브
2025-12-17,19635,20055,19635,20055,24,2.0610687022900764,442260,마이티 다이나믹퀀트액티브
2025-12-18,19755,19890,19655,19795,1012,-1.2964348042882072,442260,마이티 다이나믹퀀트액티브
2025-12-19,19985,20030,19795,19935,107241,0.7072493053801465,442260,마이티 다이나믹퀀트액티브
2025-12-22,20205,20365,20205,20365,110411,2.1570102834211187,442260,마이티 다이나믹퀀트액티브
2025-12-23,20565,20590,20385,20385,5732,0.09820770930518045,442260,마이티 다이나믹퀀트액티브
2025-12-24,20485,20560,20435,20435,47,0.24527839097375523,442260,마이티 다이나믹퀀트액티브
2025-12-26,20590,20705,20560,20630,4888,0.9542451676045999,442260,마이티 다이나믹퀀트액티브
2025-12-29,20815,21190,20800,21185,13095,2.690256907416384,442260,마이티 다이나믹퀀트액티브
2025-12-30,20990,21335,20990,21330,5917,0.6844465423648808,442260,마이티 다이나믹퀀트액티브
2026-01-02,21405,21915,21340,21915,9044,2.7426160337552745,442260,마이티 다이나믹퀀트액티브
2026-01-05,22415,22635,22300,22610,2929,3.171343828428017,442260,마이티 다이나믹퀀트액티브
2026-01-06,22610,23100,22325,23100,3957,2.1671826625387,442260,마이티 다이나믹퀀트액티브
2026-01-07,23360,23435,22805,23225,8403,0.5411255411255411,442260,마이티 다이나믹퀀트액티브
2026-01-08,23045,23515,23045,23130,4703,-0.40904198062432723,442260,마이티 다이나믹퀀트액티브
2026-01-09,23120,23315,22870,23185,1647,0.23778642455685256,442260,마이티 다이나믹퀀트액티브
2026-01-12,23485,23615,23225,23465,212,1.2076773776148373,442260,마이티 다이나믹퀀트액티브
2026-01-13,23765,23820,23485,23820,67,1.5128915405923715,442260,마이티 다이나믹퀀트액티브
2026-01-14,23810,24020,23630,24020,14352,0.8396305625524769,442260,마이티 다이나믹퀀트액티브
2026-01-15,24005,24260,23875,24240,15207,0.9159034138218152,442260,마이티 다이나믹퀀트액티브
2026-01-16,24290,24660,24290,24660,5635,1.7326732673267329,442260,마이티 다이나믹퀀트액티브
2026-01-19,24595,24855,24485,24855,609,0.7907542579075426,442260,마이티 다이나믹퀀트액티브
2026-01-20,24875,24900,24385,24600,2227,-1.0259505129752564,442260,마이티 다이나믹퀀트액티브
2026-01-21,24230,24855,24230,24855,3175,1.0365853658536586,442260,마이티 다이나믹퀀트액티브
2026-01-22,25425,25425,24905,25115,7515,1.0460671897002616,442260,마이티 다이나믹퀀트액티브
2026-01-23,25115,25370,25090,25325,353,0.836153693012144,442260,마이티 다이나믹퀀트액티브
2026-01-26,25325,25325,24920,25020,1245,-1.2043435340572557,442260,마이티 다이나믹퀀트액티브
2026-01-27,25020,25920,24980,25920,455,3.597122302158273,442260,마이티 다이나믹퀀트액티브
2026-01-28,26050,26420,26050,26420,5395,1.9290123456790123,442260,마이티 다이나믹퀀트액티브
2026-01-29,26880,26880,25845,26500,7234,0.3028009084027252,442260,마이티 다이나믹퀀트액티브
2025-12-16,12445,12450,12200,12250,15087,-0.6488240064882401,0001P0,마이티 바이오시밀러&CDMO액티브
2025-12-17,12250,12250,11930,11930,5490,-2.612244897959184,0001P0,마이티 바이오시밀러&CDMO액티브
2025-12-18,11875,12100,11835,11970,9698,0.3352891869237217,0001P0,마이티 바이오시밀러&CDMO액티브
2025-12-19,11995,12150,11900,12100,7109,1.086048454469507,0001P0,마이티 바이오시밀러&CDMO액티브
2025-12-22,12300,12300,11910,11970,10184,-1.0743801652892562,0001P0,마이티 바이오시밀러&CDMO액티브
2025-12-23,11980,11980,11805,11885,4029,-0.7101086048454469,0001P0,마이티 바이오시밀러&CDMO액티브
2025-12-24,11855,11855,11710,11755,2327,-1.093815734118637,0001P0,마이티 바이오시밀러&CDMO액티브
2025-12-26,11760,11820,11625,11820,2923,0.552956188855806,0001P0,마이티 바이오시밀러&CDMO액티브
2025-12-29,11850,11975,11790,11975,6076,1.311336717428088,0001P0,마이티 바이오시밀러&CDMO액티브
2025-12-30,11975,12025,11900,12025,1629,0.41753653444676403,0001P0,마이티 바이오시밀러&CDMO액티브
2026-01-02,12165,12165,11875,11970,3909,-0.4573804573804574,0001P0,마이티 바이오시밀러&CDMO액티브
2026-01-05,11890,12195,11760,12195,4516,1.8796992481203008,0001P0,마이티 바이오시밀러&CDMO액티브
2026-01-06,12165,12220,11975,12040,14522,-1.2710127101271012,0001P0,마이티 바이오시밀러&CDMO액티브
2026-01-07,12125,12205,11965,12205,5822,1.3704318936877076,0001P0,마이티 바이오시밀러&CDMO액티브
2026-01-08,12330,12405,12180,12335,6723,1.0651372388365423,0001P0,마이티 바이오시밀러&CDMO액티브
2026-01-09,12335,12410,12205,12410,8877,0.6080259424402107,0001P0,마이티 바이오시밀러&CDMO액티브
2026-01-12,12365,12405,12055,12220,2490,-1.5310233682514103,0001P0,마이티 바이오시밀러&CDMO액티브
2026-01-13,12250,12250,12090,12125,7449,-0.7774140752864157,0001P0,마이티 바이오시밀러&CDMO액티브
2026-01-14,12145,12190,11920,12025,7040,-0.8247422680412372,0001P0,마이티 바이오시밀러&CDMO액티브
2026-01-15,12000,12150,12000,12145,1509,0.997920997920998,0001P0,마이티 바이오시밀러&CDMO액티브
2026-01-16,12080,12165,11770,12155,12861,0.08233841086867023,0001P0,마이티 바이오시밀러&CDMO액티브
2026-01-19,12110,12110,11935,12015,3378,-1.1517893870835048,0001P0,마이티 바이오시밀러&CDMO액티브
2026-01-20,12010,12270,12010,12110,3909,0.7906783187682065,0001P0,마이티 바이오시밀러&CDMO액티브
2026-01-21,11925,11925,11360,11550,7096,-4.624277456647398,0001P0,마이티 바이오시밀러&CDMO액티브
2026-01-22,11595,11925,11485,11860,23293,2.683982683982684,0001P0,마이티 바이오시밀러&CDMO액티브
2026-01-23,11910,12545,11870,12545,11014,5.775716694772344,0001P0,마이티 바이오시밀러&CDMO액티브
2026-01-26,12715,13300,12670,13300,85362,6.018333997608609,0001P0,마이티 바이오시밀러&CDMO액티브
2026-01-27,13090,13400,13040,13335,42935,0.2631578947368421,0001P0,마이티 바이오시밀러&CDMO액티브
2026-01-28,13425,13745,13425,13600,40900,1.987251593550806,0001P0,마이티 바이오시밀러&CDMO액티브
2026-01-29,13665,13945,12845,13920,38122,2.3529411764705883,0001P0,마이티 바이오시밀러&CDMO액티브
2025-12-16,44300,44300,43925,43925,18,-2.247691109380216,159800,마이티 코스피100
2025-12-17,43925,44745,43925,44745,2198,1.86681844052362,159800,마이티 코스피100
2025-12-18,44155,44310,43900,44310,26,-0.9721756620851492,159800,마이티 코스피100
2025-12-19,44495,44690,44495,44510,34,0.45136538027533285,159800,마이티 코스피100
2025-12-22,45320,45570,45320,45405,29,2.0107840934621435,159800,마이티 코스피100
2025-12-23,46000,46000,45780,45780,19,0.8259002312520648,159800,마이티 코스피100
2025-12-24,45825,46040,45745,45745,68,-0.0764525993883792,159800,마이티 코스피100
2025-12-26,46100,46485,46100,46150,120,0.8853426604000437,159800,마이티 코스피100
2025-12-29,46150,47510,46150,47510,1856,2.9469122426868903,159800,마이티 코스피100
2025-12-30,47735,47905,47470,47565,655,0.11576510208377185,159800,마이티 코스피100
2026-01-02,48185,49120,48185,49095,770,3.216650898770104,159800,마이티 코스피100
2026-01-05,50560,51145,50115,50985,4307,3.84967919340055,159800,마이티 코스피100
2026-01-06,50985,52160,50435,52160,519,2.3045993919780328,159800,마이티 코스피100
2026-01-07,52160,53435,51880,52560,839,0.7668711656441718,159800,마이티 코스피100
2026-01-08,52510,53682,52385,52395,604,-0.3139269406392694,159800,마이티 코스피100
2026-01-09,52440,52830,51830,52815,149,0.8016032064128256,159800,마이티 코스피100
2026-01-12,53135,53555,52075,53265,161,0.8520306731042318,159800,마이티 코스피100
2026-01-13,53625,53845,53350,53615,21,0.6570918989955882,159800,마이티 코스피100
2026-01-14,53615,54210,53615,54210,337,1.1097640585656998,159800,마이티 코스피100
2026-01-15,54210,54900,53930,54695,367,0.8946688802803912,159800,마이티 코스피100
2026-01-16,54930,55785,54930,55600,989,1.6546302221409637,159800,마이티 코스피100
2026-01-19,55620,56475,55470,56435,208,1.5017985611510791,159800,마이티 코스피100
2026-01-20,56385,56390,55695,56090,107,-0.6113227606981483,159800,마이티 코스피100
2026-01-21,55825,56395,55450,56305,339,0.3833125334284186,159800,마이티 코스피100
2026-01-22,57800,58030,56720,56940,2480,1.1277861646390197,159800,마이티 코스피100
2026-01-23,57835,57840,56435,57240,528,0.5268703898840885,159800,마이티 코스피100
2026-01-26,58955,58955,56900,56900,227,-0.593990216631726,159800,마이티 코스피100
2026-01-27,56900,58840,56200,58840,267,3.4094903339191567,159800,마이티 코스피100
2026-01-28,59550,60205,59455,60060,1808,2.0734194425560846,159800,마이티 코스피100
2026-01-29,60945,60945,59500,60550,296,0.8158508158508158,159800,마이티 코스피100
2025-12-16,57192,57257,56193,56268,179,-2.118776745642417,472840,ITF 200
2025-12-17,56468,57287,56343,57287,280,1.8109760432217248,472840,ITF 200
2025-12-18,56468,57002,56088,56593,114,-1.2114441321765845,472840,ITF 200
2025-12-19,57227,57227,56677,56917,155,0.5725089675401551,472840,ITF 200
2025-12-22,58080,58265,57811,58265,89,2.3683609466416007,472840,ITF 200
2025-12-23,58580,58824,58405,58460,156,0.334677765382305,472840,ITF 200
2025-12-24,58500,58555,58215,58415,282,-0.0769757098871023,472840,ITF 200
2025-12-26,58814,59119,58789,59014,785,1.025421552683386,472840,ITF 200
2025-12-29,59738,60672,59738,60672,740,2.8095028298369877,472840,ITF 200
2025-12-30,60092,60951,60092,60732,227,0.09889240506329114,472840,ITF 200
2026-01-02,61091,62559,61011,62559,578,3.008298755186722,472840,ITF 200
2026-01-05,63972,64980,63612,64980,565,3.8699467702488852,472840,ITF 200
2026-01-06,64980,66039,63692,66039,242,1.629732225300092,472840,ITF 200
2026-01-07,66039,67622,65460,66538,881,0.7556141068156695,472840,ITF 200
2026-01-08,66363,67651,66363,66623,186,0.12774655084312722,472840,ITF 200
2026-01-09,66164,67022,65475,67022,194,0.5988922744397581,472840,ITF 200
2026-01-12,67936,68026,66613,67392,216,0.5520575333472592,472840,ITF 200
2026-01-13,67831,68216,67497,68161,123,1.1410849952516617,472840,ITF 200
2026-01-14,68161,68670,67741,68670,122,0.746761344463843,472840,ITF 200
2026-01-15,68670,69714,68530,69714,1420,1.5203145478374835,472840,ITF 200
2026-01-16,71800,71800,69893,70677,436,1.3813581203201653,472840,ITF 200
2026-01-19,70677,71666,70348,71506,815,1.1729416924883627,472840,ITF 200
2026-01-20,71356,71761,70208,70962,1474,-0.7607753195536039,472840,ITF 200
2026-01-21,70962,71581,70373,71566,251,0.8511597756545758,472840,ITF 200
2026-01-22,71566,73408,71566,72300,319,1.0256266942402816,472840,ITF 200
2026-01-23,74467,74467,71970,72919,1009,0.8561549100968189,472840,ITF 200
2026-01-26,72909,73208,71980,72090,839,-1.1368779056213056,472840,ITF 200
2026-01-27,72090,74492,71471,74352,351,3.137744486059093,472840,ITF 200
2026-01-28,75820,76189,75320,75935,542,2.1290617602754467,472840,ITF 200
2026-01-29,76050,77160,74355,76770,1029,1.0996246790017778,472840,ITF 200
2025-12-16,19782,19782,19112,19112,7436,-3.0929925970996854,0005G0,ITF K-AI반도체코어테크
2025-12-17,19282,19712,19112,19587,4178,2.4853495186270407,0005G0,ITF K-AI반도체코어테크
2025-12-18,19167,19632,19167,19357,6404,-1.1742482258640936,0005G0,ITF K-AI반도체코어테크
2025-12-19,19932,19932,19342,19342,7613,-0.07749134679960738,0005G0,ITF K-AI반도체코어테크
2025-12-22,19947,19947,19787,19852,4553,2.63674904353221,0005G0,ITF K-AI반도체코어테크
2025-12-23,19997,20141,19792,19792,6917,-0.30223655047350395,0005G0,ITF K-AI반도체코어테크
2025-12-24,20042,20042,19837,19852,3414,0.30315278900565884,0005G0,ITF K-AI반도체코어테크
2025-12-26,20022,20371,20022,20201,7452,1.758009268587548,0005G0,ITF K-AI반도체코어테크
2025-12-29,20761,20776,20631,20761,11175,2.7721399930696498,0005G0,ITF K-AI반도체코어테크
2025-12-30,20761,20951,20746,20766,9529,0.02408361832281682,0005G0,ITF K-AI반도체코어테크
2026-01-02,20766,21886,20766,21731,30332,4.647019165944332,0005G0,ITF K-AI반도체코어테크
2026-01-05,22466,22511,21918,22181,29229,2.0707744696516497,0005G0,ITF K-AI반도체코어테크
2026-01-06,22121,22441,21666,22396,14961,0.9692980478788151,0005G0,ITF K-AI반도체코어테크
2026-01-07,22965,23070,22266,22511,24773,0.5134845508126451,0005G0,ITF K-AI반도체코어테크
2026-01-08,22436,23365,22436,22580,25249,0.30651681400204345,0005G0,ITF K-AI반도체코어테크
2026-01-09,22531,22730,22166,22406,16652,-0.770593445527015,0005G0,ITF K-AI반도체코어테크
2026-01-12,22895,23030,22526,22705,15288,1.3344639828617335,0005G0,ITF K-AI반도체코어테크
2026-01-13,22990,23290,22885,23025,11589,1.4093811935696983,0005G0,ITF K-AI반도체코어테크
2026-01-14,23055,23390,22960,23055,13890,0.13029315960912052,0005G0,ITF K-AI반도체코어테크
2026-01-15,23075,23430,22980,23365,16720,1.344610713511169,0005G0,ITF K-AI반도체코어테크
2026-01-16,23675,23885,23440,23650,11090,1.2197731649903703,0005G0,ITF K-AI반도체코어테크
2026-01-19,23650,23985,23540,23845,31280,0.8245243128964059,0005G0,ITF K-AI반도체코어테크
2026-01-20,23825,23825,23000,23080,30060,-3.208219752568673,0005G0,ITF K-AI반도체코어테크
2026-01-21,22640,23230,22595,23025,34483,-0.23830155979202772,0005G0,ITF K-AI반도체코어테크
2026-01-22,23845,23845,23335,23370,21712,1.498371335504886,0005G0,ITF K-AI반도체코어테크
2026-01-23,23645,23765,23180,23395,71806,0.10697475395806591,0005G0,ITF K-AI반도체코어테크
2026-01-26,23510,23610,23325,23325,38214,-0.2992092327420389,0005G0,ITF K-AI반도체코어테크
2026-01-27,23325,24360,23290,24265,33154,4.030010718113612,0005G0,ITF K-AI반도체코어테크
2026-01-28,24755,25149,24550,25075,39527,3.3381413558623536,0005G0,ITF K-AI반도체코어테크
2026-01-29,25820,25830,24420,25100,34776,0.09970089730807577,0005G0,ITF K-AI반도체코어테크
2025-12-16,100090,100090,100060,100060,2009,,0135Y0,ITF 중기종합채권(AA-이상)액티브
2025-12-17,100150,100150,100005,100010,7997,-0.04997001798920647,0135Y0,ITF 중기종합채권(AA-이상)액티브
2025-12-18,100205,100270,100205,100270,8001,0.25997400259974,0135Y0,ITF 중기종합채권(AA-이상)액티브
2025-12-19,100180,100180,100170,100170,2001,-0.09973072703700009,0135Y0,ITF 중기종합채권(AA-이상)액티브
2025-12-22,100160,100165,100130,100130,5269,-0.039932115403813515,0135Y0,ITF 중기종합채권(AA-이상)액티브
2025-12-23,100115,100200,100115,100170,2780,0.0399480675122341,0135Y0,ITF 중기종합채권(AA-이상)액티브
2025-12-24,100320,100320,100320,100320,419,0.1497454327643007,0135Y0,ITF 중기종합채권(AA-이상)액티브
2025-12-26,100320,100320,100285,100285,2010,-0.03488835725677831,0135Y0,ITF 중기종합채권(AA-이상)액티브
2025-12-29,100375,100375,100375,100375,0,0.08974422894749963,0135Y0,ITF 중기종합채권(AA-이상)액티브
2025-12-30,100375,100375,100310,100310,72,-0.06475716064757162,0135Y0,ITF 중기종합채권(AA-이상)액티브
2026-01-02,100345,100405,100325,100330,7107,0.01993819160602133,0135Y0,ITF 중기종합채권(AA-이상)액티브
2026-01-05,100360,100360,100270,100270,4268,-0.05980265125087212,0135Y0,ITF 중기종합채권(AA-이상)액티브
2026-01-06,100310,100310,100310,100310,10,0.03989229081480004,0135Y0,ITF 중기종합채권(AA-이상)액티브
2026-01-07,100450,100450,100450,100450,10,0.13956734124214934,0135Y0,ITF 중기종합채권(AA-이상)액티브
2026-01-08,100450,100520,100450,100520,2013,0.06968641114982578,0135Y0,ITF 중기종합채권(AA-이상)액티브
2026-01-09,100480,100480,100450,100450,3200,-0.06963788300835655,0135Y0,ITF 중기종합채권(AA-이상)액티브
2026-01-12,100470,100480,100450,100455,24390,0.004977600796416127,0135Y0,ITF 중기종합채권(AA-이상)액티브
2026-01-13,100465,100465,100400,100400,1011,-0.05475088348016524,0135Y0,ITF 중기종합채권(AA-이상)액티브
2026-01-14,100400,100450,100400,100430,1011,0.0298804780876494,0135Y0,ITF 중기종합채권(AA-이상)액티브
2026-01-15,100335,100335,100220,100220,1012,-0.20910086627501742,0135Y0,ITF 중기종합채권(AA-이상)액티브
2026-01-16,100220,100220,100220,100220,5,0.0,0135Y0,ITF 중기종합채권(AA-이상)액티브
2026-01-19,100220,100220,100160,100160,11,-0.059868289762522446,0135Y0,ITF 중기종합채권(AA-이상)액티브
2026-01-20,100160,100160,100160,100160,1,0.0,0135Y0,ITF 중기종합채권(AA-이상)액티브
2026-01-21,100120,100120,100120,100120,2,-0.039936102236421724,0135Y0,ITF 중기종합채권(AA-이상)액티브
2026-01-22,100185,100185,100125,100185,2602,0.06492209348781462,0135Y0,ITF 중기종합채권(AA-이상)액티브
2026-01-23,100150,100150,100095,100095,6002,-0.08983380745620602,0135Y0,ITF 중기종합채권(AA-이상)액티브
2026-01-26,100230,100230,100230,100230,0,0.13487187172186424,0135Y0,ITF 중기종합채권(AA-이상)액티브
2026-01-27,100230,100230,100230,100230,0,0.0,0135Y0,ITF 중기종합채권(AA-이상)액티브
2026-01-28,100270,100270,100270,100270,1,0.03990821111443679,0135Y0,ITF 중기종합채권(AA-이상)액티브
2026-01-29,100245,100245,100245,100245,3,-0.024932681759250022,0135Y0,ITF 중기종합채권(AA-이상)액티브
2025-12-16,32535,32605,31815,31835,357127,-2.166564228641672,361580,RISE 200TR
2025-12-17,31940,32460,31800,32445,242257,1.9161300455473536,361580,RISE 200TR
2025-12-18,31980,32300,31820,32055,267094,-1.2020342117429497,361580,RISE 200TR
2025-12-19,32645,32645,32080,32240,138051,0.5771330525659024,361580,RISE 200TR
2025-12-22,32925,33010,32805,32985,92809,2.310794044665012,361580,RISE 200TR
2025-12-23,33170,33350,33050,33075,72346,0.2728512960436562,361580,RISE 200TR
2025-12-24,33235,33290,33070,33095,216418,0.06046863189720333,361580,RISE 200TR
2025-12-26,33210,33530,33210,33395,43965,0.9064813415923856,361580,RISE 200TR
2025-12-29,33815,34290,33705,34270,148192,2.6201527174726755,361580,RISE 200TR
2025-12-30,34085,34500,34085,34400,41657,0.3793405310767435,361580,RISE 200TR
2026-01-02,34400,35430,34400,35380,87537,2.8488372093023258,361580,RISE 200TR
2026-01-05,36030,36760,36030,36745,170003,3.8581119276427356,361580,RISE 200TR
2026-01-06,36620,37375,36185,37360,409687,1.6736971016464826,361580,RISE 200TR
2026-01-07,37850,38265,37150,37655,246950,0.7896145610278373,361580,RISE 200TR
2026-01-08,37345,38385,37345,37620,176160,-0.09294914354003453,361580,RISE 200TR
2026-01-09,37395,38055,37180,37945,35234,0.8639021796916533,361580,RISE 200TR
2026-01-12,38340,38500,37730,38175,139683,0.6061404664646198,361580,RISE 200TR
2026-01-13,38465,38690,38220,38650,155656,1.2442698100851344,361580,RISE 200TR
2026-01-14,38595,38900,38495,38885,66002,0.6080206985769728,361580,RISE 200TR
2026-01-15,38690,39520,38690,39520,136194,1.6330204449016328,361580,RISE 200TR
2026-01-16,39765,40150,39550,39960,186210,1.1133603238866396,361580,RISE 200TR
2026-01-19,39885,40680,39815,40540,106342,1.4514514514514516,361580,RISE 200TR
2026-01-20,40460,40710,39760,40205,197831,-0.8263443512580169,361580,RISE 200TR
2026-01-21,39505,40610,39485,40525,89835,0.7959209053600298,361580,RISE 200TR
2026-01-22,41285,41635,40835,40990,180969,1.147439851943245,361580,RISE 200TR
2026-01-23,41220,41570,40740,41230,253122,0.5855086606489388,361580,RISE 200TR
2026-01-26,41285,41560,40800,40825,89671,-0.9822944457918991,361580,RISE 200TR
2026-01-27,40715,42270,40350,42270,248748,3.53949785670545,361580,RISE 200TR
2026-01-28,42695,43210,42580,43000,402262,1.726993139342323,361580,RISE 200TR
2026-01-29,43705,43900,42180,43540,447203,1.255813953488372,361580,RISE 200TR
2025-12-16,9015,9094,9005,9059,16780,0.5438401775804662,290080,RISE 200고배당커버드콜ATM
2025-12-17,9059,9143,9059,9089,21573,0.33116237995363723,290080,RISE 200고배당커버드콜ATM
2025-12-18,9098,9098,8990,9045,14337,-0.48410166134888327,290080,RISE 200고배당커버드콜ATM
2025-12-19,9089,9089,8981,9050,7327,0.055279159756771695,290080,RISE 200고배당커버드콜ATM
2025-12-22,9050,9050,8995,9040,19960,-0.11049723756906078,290080,RISE 200고배당커버드콜ATM
2025-12-23,9098,9098,9020,9045,10014,0.05530973451327434,290080,RISE 200고배당커버드콜ATM
2025-12-24,9045,9069,9010,9064,4606,0.21006080707573244,290080,RISE 200고배당커버드콜ATM
2025-12-26,9064,9064,8917,8937,28062,-1.4011473962930274,290080,RISE 200고배당커버드콜ATM
2025-12-29,8848,8848,8719,8719,26322,-2.4392973033456418,290080,RISE 200고배당커버드콜ATM
2025-12-30,8719,8764,8694,8719,11129,0.0,290080,RISE 200고배당커버드콜ATM
2026-01-02,8719,8739,8412,8417,37456,-3.4636999655923844,290080,RISE 200고배당커버드콜ATM
2026-01-05,8273,8283,8050,8115,129066,-3.587976713793513,290080,RISE 200고배당커버드콜ATM
2026-01-06,8204,8219,8025,8025,53471,-1.1090573012939002,290080,RISE 200고배당커버드콜ATM
2026-01-07,8025,8025,7897,8006,36084,-0.2367601246105919,290080,RISE 200고배당커버드콜ATM
2026-01-08,7996,7996,7431,7817,71284,-2.3607294529103173,290080,RISE 200고배당커버드콜ATM
2026-01-09,7822,7916,7822,7897,28590,1.0234105155430473,290080,RISE 200고배당커버드콜ATM
2026-01-12,7981,7981,7842,7926,22160,0.36722806128909713,290080,RISE 200고배당커버드콜ATM
2026-01-13,7936,8030,7926,8025,18896,1.2490537471612415,290080,RISE 200고배당커버드콜ATM
2026-01-14,8025,8144,8006,8144,20794,1.482866043613707,290080,RISE 200고배당커버드콜ATM
2026-01-15,8144,8144,7619,8085,42203,-0.7244597249508841,290080,RISE 200고배당커버드콜ATM
2026-01-16,8075,8224,8075,8124,20904,0.48237476808905383,290080,RISE 200고배당커버드콜ATM
2026-01-19,8124,8174,8095,8124,16906,0.0,290080,RISE 200고배당커버드콜ATM
2026-01-20,8124,8372,8110,8298,65512,2.1418020679468244,290080,RISE 200고배당커버드콜ATM
2026-01-21,8293,8323,8238,8323,19431,0.3012774162448783,290080,RISE 200고배당커버드콜ATM
2026-01-22,8357,8402,8323,8337,38921,0.16820857863751051,290080,RISE 200고배당커버드콜ATM
2026-01-23,8362,8372,8224,8313,19615,-0.2878733357322778,290080,RISE 200고배당커버드콜ATM
2026-01-26,8407,8407,8194,8194,14879,-1.4314928425357873,290080,RISE 200고배당커버드콜ATM
2026-01-27,8194,8372,8179,8179,73951,-0.18306077617769098,290080,RISE 200고배당커버드콜ATM
2026-01-28,8179,8273,8105,8120,17845,-0.7213595794106858,290080,RISE 200고배당커버드콜ATM
2026-01-29,8190,8195,7970,8125,54098,0.06157635467980296,290080,RISE 200고배당커버드콜ATM
2025-12-16,16739,16813,16590,16590,3722,-0.919732441471572,284980,RISE 200금융
2025-12-17,16719,16719,16545,16694,6891,0.6268836648583483,284980,RISE 200금융
2025-12-18,16555,16639,16495,16614,3143,-0.47921408889421346,284980,RISE 200금융
2025-12-19,16803,16848,16659,16758,3737,0.8667388949079089,284980,RISE 200금융
2025-12-22,17007,17081,16907,17032,10947,1.6350399809046425,284980,RISE 200금융
2025-12-23,17141,17255,16982,17012,15793,-0.11742602160638797,284980,RISE 200금융
2025-12-24,17136,17168,17032,17126,6557,0.6701152127909711,284980,RISE 200금융
2025-12-26,17136,17136,16893,16893,8124,-1.3605044960878196,284980,RISE 200금융
2025-12-29,16793,17136,16659,17086,16020,1.1424850529805246,284980,RISE 200금융
2025-12-30,17041,17061,16922,16992,6414,-0.5501580241133092,284980,RISE 200금융
2026-01-02,17007,17051,16734,17012,9796,0.11770244821092278,284980,RISE 200금융
2026-01-05,17046,17334,16962,17146,13745,0.7876792852104396,284980,RISE 200금융
2026-01-06,17315,17464,17151,17414,20145,1.563046774757961,284980,RISE 200금융
2026-01-07,17329,17424,16987,17131,9900,-1.6251292063856666,284980,RISE 200금융
2026-01-08,17091,17091,16793,16902,6640,-1.3367579242309264,284980,RISE 200금융
2026-01-09,16997,17056,16907,16942,4989,0.23665838362323988,284980,RISE 200금융
2026-01-12,17071,17081,16843,16982,14361,0.23609963404556722,284980,RISE 200금융
2026-01-13,17156,17156,16917,17071,14294,0.5240843245789659,284980,RISE 200금융
2026-01-14,17151,17329,16947,17329,19172,1.5113350125944585,284980,RISE 200금융
2026-01-15,17344,17553,17220,17325,19550,-0.023082693750360667,284980,RISE 200금융
2026-01-16,17553,17573,17364,17573,10505,1.4314574314574315,284980,RISE 200금융
2026-01-19,17409,17488,17315,17399,9209,-0.9901553519603938,284980,RISE 200금융
2026-01-20,17334,17955,17334,17856,23977,2.626587734927295,284980,RISE 200금융
2026-01-21,17757,17891,17558,17866,15726,0.056003584229390675,284980,RISE 200금융
2026-01-22,17935,18109,17886,17965,24329,0.5541251539236539,284980,RISE 200금융
2026-01-23,18119,18491,17930,18491,26649,2.9279153910381295,284980,RISE 200금융
2026-01-26,18447,18546,18352,18367,14621,-0.6705965064085231,284980,RISE 200금융
2026-01-27,18397,19082,18397,18943,17167,3.13605923667447,284980,RISE 200금융
2026-01-28,18943,19192,18720,18770,18718,-0.9132661141318693,284980,RISE 200금융
2026-01-29,18850,19285,18520,19260,12330,2.610548748002131,284980,RISE 200금융
2025-12-16,39144,39188,37446,37464,5578,-4.496788008565311,252400,RISE 200선물레버리지
2025-12-17,37861,39000,37469,38951,4840,3.9691437112961774,252400,RISE 200선물레버리지
2025-12-18,37801,38574,37435,38014,7954,-2.4055865061230777,252400,RISE 200선물레버리지
2025-12-19,39243,39337,38093,38470,12397,1.199558057557742,252400,RISE 200선물레버리지
2025-12-22,39961,40348,39832,40258,14124,4.647777488952431,252400,RISE 200선물레버리지
2025-12-23,40546,41150,40467,40566,19871,0.7650653286303344,252400,RISE 200선물레버리지
2025-12-24,41012,41041,40496,40546,9810,-0.04930237144406646,252400,RISE 200선물레버리지
2025-12-26,40759,41616,40759,41235,11249,1.69930449366152,252400,RISE 200선물레버리지
2025-12-29,42125,43535,42015,43465,7170,5.408027161392021,252400,RISE 200선물레버리지
2025-12-30,42975,44085,42975,43830,9281,0.8397561256183135,252400,RISE 200선물레버리지
2026-01-02,43790,46350,43740,46270,22024,5.566963267168606,252400,RISE 200선물레버리지
2026-01-05,48210,49810,48140,49795,25341,7.618327209855198,252400,RISE 200선물레버리지
2026-01-06,49335,51520,48250,51500,60164,3.4240385580881614,252400,RISE 200선물레버리지
2026-01-07,52570,53905,50760,52245,19718,1.4466019417475728,252400,RISE 200선물레버리지
2026-01-08,51425,54290,51425,52125,16456,-0.22968705139247778,252400,RISE 200선물레버리지
2026-01-09,51665,53250,50860,52965,17215,1.6115107913669064,252400,RISE 200선물레버리지
2026-01-12,54170,54630,52395,53545,15220,1.095062777305768,252400,RISE 200선물레버리지
2026-01-13,54470,55045,53740,54985,10045,2.689326734522364,252400,RISE 200선물레버리지
2026-01-14,54535,55615,54500,55615,12424,1.1457670273711011,252400,RISE 200선물레버리지
2026-01-15,55060,57495,55060,57420,5642,3.2455272858041893,252400,RISE 200선물레버리지
2026-01-16,58175,59250,57490,58770,18734,2.3510971786833856,252400,RISE 200선물레버리지
2026-01-19,58205,60790,58205,60400,3691,2.7735239067551474,252400,RISE 200선물레버리지
2026-01-20,59935,60880,58095,59450,30438,-1.5728476821192054,252400,RISE 200선물레버리지
2026-01-21,57335,60600,57250,60390,23109,1.5811606391925987,252400,RISE 200선물레버리지
2026-01-22,62805,63645,61295,61765,30239,2.2768670309653913,252400,RISE 200선물레버리지
2026-01-23,62395,63465,61000,62555,31832,1.2790415283736745,252400,RISE 200선물레버리지
2026-01-26,62475,63485,61200,61260,21278,-2.0701782431460316,252400,RISE 200선물레버리지
2026-01-27,61015,65620,59820,65620,15685,7.117205354227882,252400,RISE 200선물레버리지
2026-01-28,67040,68525,66525,68020,43556,3.65742151782993,252400,RISE 200선물레버리지
2026-01-29,70090,70485,65125,69470,62557,2.131725962952073,252400,RISE 200선물레버리지
2025-12-16,695,725,692,724,467015,4.624277456647398,252420,RISE 200선물인버스2X
2025-12-17,718,727,697,698,191307,-3.591160220994475,252420,RISE 200선물인버스2X
2025-12-18,722,724,704,713,305627,2.148997134670487,252420,RISE 200선물인버스2X
2025-12-19,694,713,692,706,209920,-0.9817671809256662,252420,RISE 200선물인버스2X
2025-12-22,679,681,672,675,216258,-4.390934844192635,252420,RISE 200선물인버스2X
2025-12-23,668,671,659,671,389780,-0.5925925925925926,252420,RISE 200선물인버스2X
2025-12-24,665,670,661,668,211168,-0.44709388971684055,252420,RISE 200선물인버스2X
2025-12-26,664,664,651,659,278271,-1.347305389221557,252420,RISE 200선물인버스2X
2025-12-29,645,645,624,626,1119809,-5.007587253414264,252420,RISE 200선물인버스2X
2025-12-30,628,628,613,620,337376,-0.9584664536741214,252420,RISE 200선물인버스2X
2026-01-02,619,619,583,584,523992,-5.806451612903226,252420,RISE 200선물인버스2X
2026-01-05,560,561,539,541,937409,-7.363013698630137,252420,RISE 200선물인버스2X
2026-01-06,541,555,521,524,871156,-3.1423290203327174,252420,RISE 200선물인버스2X
2026-01-07,507,526,497,514,716369,-1.9083969465648856,252420,RISE 200선물인버스2X
2026-01-08,521,521,493,516,867473,0.38910505836575876,252420,RISE 200선물인버스2X
2026-01-09,518,527,503,507,428829,-1.744186046511628,252420,RISE 200선물인버스2X
2026-01-12,495,511,492,500,843126,-1.3806706114398422,252420,RISE 200선물인버스2X
2026-01-13,491,499,487,488,438119,-2.4,252420,RISE 200선물인버스2X
2026-01-14,489,491,480,482,453967,-1.2295081967213115,252420,RISE 200선물인버스2X
2026-01-15,487,487,464,464,471320,-3.7344398340248963,252420,RISE 200선물인버스2X
2026-01-16,460,465,451,455,429412,-1.9396551724137931,252420,RISE 200선물인버스2X
2026-01-19,459,459,440,444,954143,-2.417582417582418,252420,RISE 200선물인버스2X
2026-01-20,445,459,439,449,968516,1.1261261261261262,252420,RISE 200선물인버스2X
2026-01-21,464,467,441,442,693314,-1.55902004454343,252420,RISE 200선물인버스2X
2026-01-22,423,435,419,432,1176995,-2.262443438914027,252420,RISE 200선물인버스2X
2026-01-23,427,436,419,428,356160,-0.9259259259259258,252420,RISE 200선물인버스2X
2026-01-26,427,435,421,434,1341918,1.4018691588785046,252420,RISE 200선물인버스2X
2026-01-27,437,445,405,406,901113,-6.451612903225806,252420,RISE 200선물인버스2X
2026-01-28,396,399,387,391,1231230,-3.6945812807881775,252420,RISE 200선물인버스2X
2026-01-29,377,404,376,381,1667211,-2.557544757033248,252420,RISE 200선물인버스2X
2025-12-16,3295,3375,3295,3365,5990,2.591463414634146,252410,RISE 200선물인버스
2025-12-17,3360,3365,3305,3305,5667,-1.7830609212481425,252410,RISE 200선물인버스
2025-12-18,3360,3370,3325,3345,23777,1.2102874432677762,252410,RISE 200선물인버스
2025-12-19,3305,3335,3305,3315,2596,-0.8968609865470852,252410,RISE 200선물인버스
2025-12-22,3270,3270,3250,3250,2258,-1.9607843137254901,252410,RISE 200선물인버스
2025-12-23,3235,3240,3220,3240,1950,-0.3076923076923077,252410,RISE 200선물인버스
2025-12-24,3230,3245,3220,3245,612,0.15432098765432098,252410,RISE 200선물인버스
2025-12-26,3225,3225,3200,3215,512,-0.9244992295839755,252410,RISE 200선물인버스
2025-12-29,3185,3185,3120,3120,4845,-2.9548989113530326,252410,RISE 200선물인버스
2025-12-30,3135,3135,3110,3120,6235,0.0,252410,RISE 200선물인버스
2026-01-02,3110,3115,3030,3030,1171,-2.8846153846153846,252410,RISE 200선물인버스
2026-01-05,2975,2980,2920,2925,5991,-3.4653465346534658,252410,RISE 200선물인버스
2026-01-06,2935,2965,2865,2865,12401,-2.051282051282051,252410,RISE 200선물인버스
2026-01-07,2825,2885,2805,2855,27284,-0.34904013961605584,252410,RISE 200선물인버스
2026-01-08,2855,2860,2800,2855,8461,0.0,252410,RISE 200선물인버스
2026-01-09,2870,2885,2820,2830,6116,-0.8756567425569177,252410,RISE 200선물인버스
2026-01-12,2800,2845,2790,2810,13583,-0.7067137809187279,252410,RISE 200선물인버스
2026-01-13,2790,2805,2775,2780,10934,-1.0676156583629894,252410,RISE 200선물인버스
2026-01-14,2780,2785,2760,2760,5319,-0.7194244604316548,252410,RISE 200선물인버스
2026-01-15,2770,2770,2720,2720,35352,-1.4492753623188406,252410,RISE 200선물인버스
2026-01-16,2700,2710,2670,2685,50652,-1.2867647058823528,252410,RISE 200선물인버스
2026-01-19,2690,2695,2635,2640,15572,-1.675977653631285,252410,RISE 200선물인버스
2026-01-20,2645,2690,2640,2665,22193,0.946969696969697,252410,RISE 200선물인버스
2026-01-21,2720,2720,2640,2640,49645,-0.9380863039399625,252410,RISE 200선물인버스
2026-01-22,2600,2625,2575,2620,47639,-0.7575757575757576,252410,RISE 200선물인버스
2026-01-23,2600,2630,2585,2600,39782,-0.7633587786259541,252410,RISE 200선물인버스
2026-01-26,2600,2625,2580,2620,73830,0.7692307692307693,252410,RISE 200선물인버스
2026-01-27,2640,2655,2530,2530,33792,-3.435114503816794,252410,RISE 200선물인버스
2026-01-28,2505,2510,2475,2480,144097,-1.9762845849802373,252410,RISE 200선물인버스
2026-01-29,2450,2520,2440,2465,34404,-0.6048387096774194,252410,RISE 200선물인버스
