ticker,name,price_curr,change_1d,return_1w,alpha_1m,rvol,grade_score,description
157500,TIGER 증권,18400,8.78,23.16,25.97,338.7,S10,천하무적: 시장의 주도주
0111J0,HANARO 증권고배당TOP3플러스,17545,8.77,22.74,25.75,387.8,S10,천하무적: 시장의 주도주
102970,KODEX 증권,26615,8.21,22.2,24.81,273.8,S10,천하무적: 시장의 주도주
494310,KODEX 반도체레버리지,57730,-1.28,8.4,13.12,88.0,B7,황금 눌림목: 최적 매수 타점
488080,TIGER 반도체TOP10레버리지,35440,-1.56,7.56,12.46,82.6,B7,황금 눌림목: 최적 매수 타점
304780,HANARO 200선물레버리지,94555,-0.03,18.66,11.87,38.8,S7,천하무적: 시장의 주도주
253150,PLUS 200선물레버리지,155705,0.32,18.63,11.51,304.5,S10,천하무적: 시장의 주도주
123320,TIGER 레버리지,83790,-0.15,18.41,11.46,47.4,S7,천하무적: 시장의 주도주
267770,TIGER 200선물레버리지,64300,-0.26,18.02,11.3,156.4,S8,천하무적: 시장의 주도주
152500,ACE 레버리지,34280,-0.22,18.49,11.28,134.8,S8,천하무적: 시장의 주도주
122630,KODEX 레버리지,84615,-0.22,18.17,11.26,90.2,S8,천하무적: 시장의 주도주
252400,RISE 200선물레버리지,77300,-0.35,18.3,11.23,164.7,S8,천하무적: 시장의 주도주
253250,KIWOOM 200선물레버리지,75950,-0.6,18.15,10.6,81.1,S7,천하무적: 시장의 주도주
306950,KODEX KRX300레버리지,63185,0.08,17.78,10.5,82.4,S8,천하무적: 시장의 주도주
243880,TIGER 200IT레버리지,169730,-1.51,16.48,9.27,76.7,S5,안정적 추세 유지 중
243890,TIGER 200에너지화학레버리지,9580,-2.74,13.71,3.38,61.9,S4,안정적 추세 유지 중
0091P0,TIGER 코리아원자력,16240,-0.37,9.47,1.51,99.1,S4,안정적 추세 유지 중
0093A0,RISE AI반도체TOP10,26480,-2.03,5.92,0.18,75.8,B5,박스권 에너지 응축 중
498860,RISE 코리아금융고배당,21490,3.32,19.36,-1.12,355.4,A5,추세 전환 시도 중
139220,TIGER 200 건설,6640,-0.9,10.12,-3.93,130.7,A4,추세 전환 시도 중
484880,SOL 금융지주플러스고배당,23690,-0.32,15.17,-7.23,293.9,A5,추세 전환 시도 중
139270,TIGER 200 금융,17555,0.37,13.59,-7.98,498.1,A5,추세 전환 시도 중
284980,RISE 200금융,23375,0.43,14.02,-8.62,398.7,A5,추세 전환 시도 중
441800,TIME Korea플러스배당액티브,27785,2.51,13.5,-9.65,250.7,A5,추세 전환 시도 중
466940,TIGER 은행고배당플러스TOP10,28660,0.12,15.52,-9.9,319.2,A5,추세 전환 시도 중
266160,RISE 고배당,29380,0.7,11.99,-10.74,226.1,A5,추세 전환 시도 중
091170,KODEX 은행,17015,-1.36,13.93,-10.92,187.4,A4,추세 전환 시도 중
211560,TIGER 배당성장,36565,1.82,12.03,-11.14,182.7,A4,추세 전환 시도 중
211900,KODEX 코리아배당성장,29210,1.72,12.04,-11.15,151.7,A4,추세 전환 시도 중
0089D0,KODEX 금융고배당TOP10,14225,-1.04,12.14,-11.19,254.7,A5,추세 전환 시도 중
495060,TIME 코리아밸류업액티브,22525,1.56,8.92,-11.2,145.4,A4,추세 전환 시도 중
091220,TIGER 은행,17695,-2.4,13.68,-11.46,398.7,A5,추세 전환 시도 중
104530,KIWOOM 고배당,20690,4.23,13.84,-11.59,187.5,A4,추세 전환 시도 중
315960,RISE 대형고배당10TR,56310,-0.16,9.34,-11.8,128.4,A3,추세 전환 시도 중
279530,KODEX 고배당주,18435,2.13,12.31,-11.95,145.3,A4,추세 전환 시도 중
0139P0,ACE 고배당주,14490,2.04,11.5,-12.7,82.9,A3,추세 전환 시도 중
161510,PLUS 고배당주,27790,1.2,11.61,-12.99,205.8,A5,추세 전환 시도 중
322410,HANARO K고배당,24150,1.07,11.81,-13.75,110.3,A3,추세 전환 시도 중
315930,KODEX Top5PlusTR,60100,-0.66,9.14,-14.13,72.8,A2,추세 전환 시도 중
0105E0,SOL 코리아고배당,14030,0.75,11.35,-14.34,166.4,A4,추세 전환 시도 중
495750,HANARO 코리아밸류업,24160,0.44,9.15,-14.57,11.7,A2,추세 전환 시도 중
140580,RISE 우량업종대표주,24115,1.15,9.84,-14.57,210.7,A5,추세 전환 시도 중
325020,KODEX 배당가치,26320,0.23,10.08,-14.67,54.3,A2,추세 전환 시도 중
496080,TIGER 코리아밸류업,24290,0.37,8.66,-14.77,274.3,F5,시장 소외주: 관망 권고
495050,RISE 코리아밸류업,24290,0.12,8.97,-14.81,190.7,A4,추세 전환 시도 중
495330,1Q 코리아밸류업,24105,-0.06,9.07,-14.97,235.4,A5,추세 전환 시도 중
145850,TREX 펀더멘탈 200,89070,0.09,10.19,-15.18,210.3,A5,추세 전환 시도 중
469160,ACE 일본반도체,22070,0.82,7.63,-15.28,362.7,F5,시장 소외주: 관망 권고
494330,ACE 라이프자산주주가치액티브,21485,0.56,12.75,-15.36,114.8,A3,추세 전환 시도 중
210780,TIGER 코스피고배당,26370,2.21,10.94,-15.72,162.9,A4,추세 전환 시도 중
0098N0,PLUS 자사주매입고배당주,13835,0.84,10.24,-16.03,135.3,A4,추세 전환 시도 중
223190,KODEX 200가치저변동,24300,-0.31,9.98,-16.15,71.6,A2,추세 전환 시도 중
192720,파워 고배당저변동성,59630,0.66,8.92,-16.57,220.4,A5,추세 전환 시도 중
446690,KODEX 아시아AI반도체exChina액티브,39705,-0.08,8.93,-16.91,72.0,A2,추세 전환 시도 중
275290,KODEX 가치주,24540,0.33,10.27,-16.93,155.8,A4,추세 전환 시도 중
445910,TIGER MKF배당귀족,21605,-0.44,8.57,-17.41,250.6,F5,시장 소외주: 관망 권고
140950,파워 코스피100,63495,-0.02,8.96,-17.55,49.2,A2,추세 전환 시도 중
0052D0,TIGER 코리아배당다우존스,16705,0.27,10.26,-17.65,79.6,A2,추세 전환 시도 중
159800,마이티 코스피100,64410,0.27,9.18,-17.68,315.4,A5,추세 전환 시도 중
498410,KODEX 금융고배당TOP10타겟위클리커버드콜,14755,-0.37,12.16,-17.68,160.5,A4,추세 전환 시도 중
491700,HK 200,82645,0.54,8.89,-17.76,25.5,A2,추세 전환 시도 중
237350,KODEX 코스피100,64830,0.51,9.07,-17.77,103.5,A3,추세 전환 시도 중
0098Z0,FOCUS 200,70040,0.16,8.65,-17.8,406.3,F5,시장 소외주: 관망 권고
295040,SOL 200TR,30580,0.0,9.0,-17.83,368.2,A5,추세 전환 시도 중
337160,KODEX 200ESG,33525,-0.03,9.49,-17.9,138.1,A3,추세 전환 시도 중
156080,KODEX MSCI Korea,38400,0.35,9.39,-17.92,43.7,A2,추세 전환 시도 중
278530,KODEX 200TR,29465,-0.07,8.95,-17.93,124.8,A3,추세 전환 시도 중
361580,RISE 200TR,46310,-0.09,8.95,-17.98,131.0,A4,추세 전환 시도 중
332500,ACE 200TR,54850,-0.09,8.99,-18.02,101.2,A3,추세 전환 시도 중
332930,HANARO 200TR,106865,-0.06,9.48,-18.03,50.7,A1,단기 반짝 가능성 체크
100910,KIWOOM KRX100,12855,0.71,9.45,-18.04,55.6,A2,추세 전환 시도 중
310960,TIGER 200TR,47695,-0.17,8.89,-18.05,95.2,A3,추세 전환 시도 중
491220,PLUS 200TR,96785,0.23,8.89,-18.09,95.7,A3,추세 전환 시도 중
494890,KODEX 200액티브,23665,-0.15,8.98,-18.17,204.1,A5,추세 전환 시도 중
148020,RISE 200,82550,-0.1,8.9,-18.21,77.1,A2,추세 전환 시도 중
293180,HANARO 200,82175,-0.07,8.96,-18.21,69.7,A2,추세 전환 시도 중
152100,PLUS 200,83210,-0.11,8.94,-18.23,63.8,A1,단기 반짝 가능성 체크
105190,ACE 200,82310,-0.12,8.89,-18.23,67.1,A2,추세 전환 시도 중
153270,KIWOOM 코스피100,62310,0.18,9.33,-18.26,98.4,A3,추세 전환 시도 중
491510,파워 K-주주가치액티브,18370,0.66,10.8,-18.27,16.1,A2,추세 전환 시도 중
122090,PLUS 코스피50,59285,0.43,9.14,-18.34,119.5,A3,추세 전환 시도 중
108590,TREX 200,81820,-0.12,8.9,-18.34,166.3,A4,추세 전환 시도 중
292050,RISE KRX300,38490,0.48,8.9,-18.37,54.6,A2,추세 전환 시도 중
337120,KODEX 멀티팩터,27495,0.24,9.17,-18.38,310.7,A5,추세 전환 시도 중
102110,TIGER 200,81835,-0.13,8.91,-18.39,88.3,A3,추세 전환 시도 중
307520,TIGER 지주회사,20345,-0.88,9.56,-18.5,121.8,A4,추세 전환 시도 중
472720,TRUSTON 주주가치액티브,23325,0.54,10.18,-18.51,77.2,A2,추세 전환 시도 중
375760,HANARO 탄소효율그린뉴딜,19125,-0.16,9.13,-18.52,69.6,A1,단기 반짝 가능성 체크
310970,TIGER MSCI Korea TR,35770,0.55,9.74,-18.54,135.7,A4,추세 전환 시도 중
290130,RISE ESG사회책임투자,32685,0.17,8.99,-18.64,282.3,A5,추세 전환 시도 중
332940,HANARO MSCI Korea TR,35590,0.82,9.78,-18.67,13.1,A2,추세 전환 시도 중
278540,KODEX MSCI Korea TR,28410,0.6,8.95,-18.69,92.3,A3,추세 전환 시도 중
496130,TRUSTON 코리아밸류업액티브,21245,-0.49,9.76,-18.74,31.3,A2,추세 전환 시도 중
289040,KODEX MSCI KOREA ESG유니버설,24295,0.54,9.14,-18.78,9.2,A2,추세 전환 시도 중
451060,1Q 200액티브,26465,0.28,8.95,-18.79,217.3,A5,추세 전환 시도 중
0104P0,TIGER 코리아배당다우존스위클리커버드콜,12535,0.36,10.25,-19.1,93.0,A3,추세 전환 시도 중
304760,HANARO KRX300,36820,0.44,9.37,-19.26,19.8,A2,추세 전환 시도 중
140700,KODEX 보험,16080,0.56,12.76,-19.26,220.3,A5,추세 전환 시도 중
138520,TIGER 삼성그룹,24835,-0.1,9.5,-19.55,128.6,A4,추세 전환 시도 중
385590,ACE ESG액티브,17755,-0.81,10.55,-19.81,184.3,A4,추세 전환 시도 중
0018C0,PLUS 고배당주위클리고정커버드콜,14345,1.74,9.21,-19.86,109.3,A3,추세 전환 시도 중
280920,PLUS 주도업종,21700,-0.3,9.18,-20.04,63.9,A2,추세 전환 시도 중
227570,TIGER 우량가치,19970,0.35,10.82,-20.05,115.4,A3,추세 전환 시도 중
174350,TIGER 로우볼,21970,-0.95,11.61,-20.23,78.4,A2,추세 전환 시도 중
281990,RISE 중소형고배당,19185,1.43,10.1,-20.32,46.7,A2,추세 전환 시도 중
234310,RISE V&S셀렉트밸류,26595,0.62,9.99,-20.51,7.7,A2,추세 전환 시도 중
0053M0,더제이 중소형포커스액티브,13165,0.23,7.34,-20.68,350.3,F5,시장 소외주: 관망 권고
244670,KODEX 밸류Plus,12750,0.47,9.11,-20.76,244.0,A5,추세 전환 시도 중
261140,TIGER 우선주,23305,2.78,11.08,-21.13,337.0,A5,추세 전환 시도 중
266550,PLUS 중형주저변동50,18705,2.27,11.74,-21.39,637.0,A5,추세 전환 시도 중
285690,FOCUS ESG리더스,19650,-0.86,8.26,-21.69,214.1,F5,시장 소외주: 관망 권고
0094M0,RISE 코리아밸류업위클리고정커버드콜,16105,0.47,5.02,-24.0,256.3,F5,시장 소외주: 관망 권고
0117V0,TIGER 코리아AI전력기기TOP3플러스,15900,-0.93,9.28,-24.1,65.8,A1,단기 반짝 가능성 체크
489030,PLUS 고배당주위클리커버드콜,10075,1.31,9.45,-24.35,113.0,A3,추세 전환 시도 중
266390,KODEX 경기소비재,12090,-0.25,11.27,-24.66,47.4,A1,단기 반짝 가능성 체크
140570,RISE 수출주,21985,-1.24,6.41,-24.69,208.0,F5,시장 소외주: 관망 권고
183710,RISE 주식혼합,74545,0.22,7.09,-24.73,421.8,F5,시장 소외주: 관망 권고
487240,KODEX AI전력핵심설비,29835,-0.91,9.65,-24.81,61.4,A1,단기 반짝 가능성 체크
491820,HANARO 전력설비투자,35940,-0.99,9.59,-24.9,70.8,A1,단기 반짝 가능성 체크
251590,PLUS 고배당저변동50,18715,2.16,9.8,-25.97,92.5,A3,추세 전환 시도 중
215620,HK S&P코리아로우볼,18970,2.04,7.14,-26.98,256.6,F5,시장 소외주: 관망 권고
225060,TIGER 이머징마켓MSCI레버리지(합성 H),14605,1.18,11.23,-27.73,70.7,A2,추세 전환 시도 중
402460,HANARO Fn K-메타버스MZ,10025,-0.4,9.68,-27.78,130.0,A4,추세 전환 시도 중
251600,PLUS 고배당주채권혼합,16280,0.68,5.99,-30.2,246.9,F5,시장 소외주: 관망 권고
375270,RISE 글로벌데이터센터리츠(합성),14615,2.96,9.23,-31.54,136.2,A4,추세 전환 시도 중
483320,ACE 엔비디아밸류체인액티브,17360,-1.48,11.64,-31.83,26.8,A1,단기 반짝 가능성 체크
138530,TIGER LG그룹플러스,9650,-1.43,9.16,-32.45,137.2,A3,추세 전환 시도 중
0090B0,PLUS K방산소부장,10925,2.15,10.3,-32.7,61.0,A2,추세 전환 시도 중
238670,PLUS 스마트베타Quality채권혼합,13100,0.0,2.87,-38.02,254.1,F5,시장 소외주: 관망 권고
360140,KODEX 200롱코스닥150숏선물,13495,2.16,6.22,-41.23,345.8,F5,시장 소외주: 관망 권고
0127R0,RISE 미국AI클라우드인프라,11285,-1.7,14.05,-41.6,14.2,A1,단기 반짝 가능성 체크
0142D0,TIGER 미국AI데이터센터TOP4Plus,9280,-1.85,16.44,-42.53,88.8,A2,추세 전환 시도 중
487340,ACE 머니마켓액티브,103955,0.01,0.1,-43.61,292.0,F5,시장 소외주: 관망 권고
486830,HANARO 머니마켓액티브,52405,0.02,0.09,-43.66,273.0,F5,시장 소외주: 관망 권고
463290,1Q 단기금융채액티브,107590,0.02,0.07,-43.7,959.4,F5,시장 소외주: 관망 권고
453010,PLUS KOFR금리,108365,0.02,0.06,-43.74,560.6,F5,시장 소외주: 관망 권고
157450,TIGER 단기통안채,111115,0.02,0.08,-43.76,261.4,F5,시장 소외주: 관망 권고
114470,KIWOOM 국고채3년,109170,0.02,0.34,-44.03,278.8,F5,시장 소외주: 관망 권고
148070,KIWOOM 국고채10년,108290,0.37,1.19,-44.59,237.7,F5,시장 소외주: 관망 권고
436140,SOL 종합채권(AA-이상)액티브,109410,0.22,0.55,-44.86,395.6,F5,시장 소외주: 관망 권고
426150,WON 대한민국국고채액티브,54440,0.2,0.79,-45.78,207.3,F5,시장 소외주: 관망 권고
363570,KODEX 장기종합채권(AA-이상)액티브,93800,0.47,0.87,-46.15,302.6,F5,시장 소외주: 관망 권고
457700,KODEX 53-09 국고채액티브,10630,0.66,1.24,-47.85,232.3,F5,시장 소외주: 관망 권고
